hex_id,amen_along_traj
8828309523fffff,"[('restaurant', 196), ('cafe', 195), ('place_of_worship', 395), ('pub', 70), ('parking', 199), ('bench', 7), ('bbq', 4), ('drinking_water', 2), ('school', 2), ('fire_station', 2), ('parking_space', 3)]"
88283082c3fffff,"[('cafe', 818), ('post_box', 169), ('bicycle_repair_station', 246), ('theatre', 246), ('restaurant', 2242), ('bicycle_parking', 766), ('parking_entrance', 141), ('parking', 430), ('college', 106), ('parking_space', 175), ('bar', 526), ('toilets', 97), ('drinking_water', 97), ('pub', 250), ('fast_food', 212), ('atm', 116), ('nightclub', 149), ('bicycle_rental', 96), ('clinic', 84), ('school', 140), ('place_of_worship', 133), ('community_centre', 134), ('ice_cream', 46), ('motorcycle_parking', 36), ('library', 1), ('doctors', 6)]"
88283082c1fffff,"[('parking', 8549), ('toilets', 1758), ('restaurant', 15848), ('fast_food', 5547), ('post_box', 6401), ('cafe', 7669), ('bank', 1906), ('bar', 5871), ('atm', 1998), ('dentist', 2178), ('taxi', 1810), ('place_of_worship', 4355), ('motorcycle_rental', 1248), ('nightclub', 1251), ('telephone', 1099), ('car_wash', 1294), ('cinema', 1336), ('hospital', 1292), ('bicycle_rental', 1048), ('library', 509), ('school', 700), ('bicycle_parking', 1074), ('pub', 137), ('fuel', 84), ('public_bookcase', 107), ('theatre', 122), ('driving_school', 122), ('social_facility', 130), ('money_transfer', 93), ('post_office', 7), ('ice_cream', 69), ('drinking_water', 5), ('arts_centre', 7), ('college', 1), ('parking_space', 6)]"
88283082c7fffff,"[('cafe', 1184), ('parking', 1770), ('veterinary', 499), ('restaurant', 883), ('post_box', 129), ('theatre', 39), ('social_facility', 38), ('place_of_worship', 56), ('school', 57), ('bicycle_parking', 66), ('bicycle_rental', 67), ('motorcycle_parking', 56), ('bar', 67), ('bicycle_repair_station', 1), ('community_centre', 4), ('pub', 6), ('hospital', 1), ('fire_station', 4), ('fast_food', 2), ('music_school', 2), ('ice_cream', 1)]"
88283082cbfffff,"[('cafe', 2806), ('restaurant', 1405), ('doctors', 3531), ('fire_station', 1313), ('parking', 1341), ('bank', 49), ('dentist', 35), ('ice_cream', 18), ('waste_basket', 68), ('music_school', 22), ('bicycle_repair_station', 22), ('pub', 4), ('fast_food', 5), ('post_box', 61), ('studio', 5), ('clinic', 2), ('public_bookcase', 2), ('drinking_water', 2), ('bench', 8), ('place_of_worship', 40), ('toilets', 2), ('taxi', 5), ('school', 32), ('hospital', 5), ('bicycle_parking', 2), ('arts_centre', 2)]"
882830953dfffff,"[('cafe', 693), ('fast_food', 689), ('car_rental', 689), ('restaurant', 3521), ('bar', 692), ('vending_machine', 690), ('post_office', 688), ('post_box', 692), ('bicycle_parking', 2064), ('bench', 2068), ('clinic', 690), ('library', 693), ('parking', 703), ('school', 800), ('motorcycle_parking', 690), ('shelter', 696), ('bicycle_rental', 517), ('parking_entrance', 3), ('social_facility', 5), ('place_of_worship', 4), ('fuel', 1)]"
8828309515fffff,"[('place_of_worship', 825), ('restaurant', 3191), ('bar', 859), ('toilets', 758), ('music_school', 833), ('dojo', 845), ('library', 833), ('parking', 908), ('cafe', 724), ('bicycle_parking', 40), ('bicycle_rental', 27), ('waste_basket', 107), ('bus_station', 10), ('college', 46), ('fire_station', 13), ('parking_entrance', 22), ('bank', 11), ('fast_food', 22), ('veterinary', 11), ('school', 22), ('kindergarten', 1), ('fuel', 8), ('theatre', 1), ('pharmacy', 1)]"
8828309511fffff,"[('restaurant', 2186), ('place_of_worship', 314), ('parking', 542), ('pharmacy', 112), ('cafe', 211), ('school', 155), ('fuel', 115), ('laundry', 12), ('bicycle_rental', 17), ('clock', 2), ('bench', 60), ('music_school', 2), ('waste_basket', 2), ('toilets', 5), ('bicycle_parking', 2)]"
88283095e9fffff,"[('bench', 28), ('bar', 4), ('post_office', 4), ('restaurant', 29), ('prep_school', 2), ('training', 9), ('clinic', 4), ('library', 8), ('public_bookcase', 8), ('parking', 26), ('pharmacy', 7), ('bank', 2), ('parking_space', 175), ('dentist', 13), ('veterinary', 5), ('toilets', 4), ('bicycle_parking', 4), ('community_centre', 2), ('school', 3), ('bus_station', 1), ('cafe', 3), ('post_box', 6), ('telephone', 4), ('social_centre', 2), ('studio', 1), ('place_of_worship', 6), ('fuel', 2), ('pub', 2)]"
8828308253fffff,"[('lead_inspector', 320), ('fast_food', 300), ('telephone', 600), ('place_of_worship', 975), ('parking', 896), ('restaurant', 405), ('bench', 922), ('bicycle_parking', 94), ('bicycle_rental', 377), ('pub', 125), ('fuel', 123), ('post_office', 2), ('cafe', 2), ('arts_centre', 2), ('toilets', 12), ('doctors', 2), ('moving_storage', 1), ('police', 1)]"
882830821dfffff,"[('post_depot', 508), ('bar', 574), ('place_of_worship', 130), ('post_box', 5), ('college', 10), ('parking', 29), ('restaurant', 4), ('cafe', 4), ('bicycle_rental', 5), ('school', 14), ('post_office', 1)]"
8828308213fffff,"[('parking', 696), ('fire_station', 187), ('post_office', 92), ('parking_space', 5865)]"
88283082edfffff,"[('post_box', 174), ('bench', 281), ('bicycle_rental', 169), ('restaurant', 166), ('parking_entrance', 136), ('parking', 432), ('post_depot', 86), ('place_of_worship', 10), ('bar', 6), ('cafe', 9), ('car_sharing', 1)]"
8828308215fffff,"[('post_box', 93), ('college', 447), ('parking', 1062), ('community_centre', 123), ('theatre', 122), ('post_depot', 186), ('cafe', 1), ('place_of_worship', 3)]"
882830829dfffff,"[('place_of_worship', 1455), ('restaurant', 2218), ('bicycle_parking', 4392), ('bar', 634), ('fast_food', 902), ('post_office', 590), ('veterinary', 634), ('fuel', 1268), ('parking', 741), ('waste_basket', 506), ('post_box', 654), ('bench', 17), ('parking_entrance', 14), ('bicycle_rental', 6), ('public_bookcase', 5), ('school', 20), ('cafe', 2), ('parking_space', 29)]"
8828308299fffff,"[('post_box', 1195), ('public_bookcase', 579), ('bicycle_rental', 624), ('bench', 2096), ('waste_basket', 2222), ('parking', 600), ('school', 143), ('university', 626), ('restaurant', 173), ('bicycle_parking', 225), ('fuel', 172), ('commercial', 8), ('fast_food', 2), ('cafe', 4), ('pub', 4)]"
88283082e1fffff,"[('bicycle_parking', 1721), ('waste_basket', 744), ('bench', 1060), ('cafe', 181), ('recycling', 94), ('conference_centre', 94), ('bank', 94), ('parking', 304), ('university', 123), ('post_box', 49), ('restaurant', 103), ('drinking_water', 43), ('bicycle_rental', 46), ('toilets', 11), ('place_of_worship', 3), ('fast_food', 3), ('post_office', 2), ('bar', 4), ('atm', 1), ('pub', 28), ('hospital', 6), ('clinic', 14), ('school', 5)]"
8828308285fffff,"[('post_box', 1247), ('restaurant', 1048), ('motorcycle_parking', 933), ('vending_machine', 2543), ('waste_basket', 1030), ('vacuum_cleaner', 587), ('police', 865), ('fuel', 786), ('parking', 2920), ('fast_food', 786), ('bicycle_rental', 1084), ('kindergarten', 624), ('bench', 162), ('cafe', 434), ('bar', 320), ('school', 54), ('toilets', 54), ('fire_station', 118), ('nightclub', 52), ('charging_station', 52), ('car_wash', 62), ('bicycle_parking', 1170), ('bank', 144), ('social_facility', 157), ('prison', 110), ('car_rental', 29), ('music_school', 2), ('arts_centre', 4), ('pub', 2), ('courthouse', 2)]"
88283082a3fffff,"[('fast_food', 3210), ('restaurant', 7464), ('bench', 2279), ('parking_entrance', 2929), ('clinic', 715), ('waste_basket', 2225), ('vending_machine', 1866), ('bicycle_parking', 2090), ('cafe', 3955), ('ice_cream', 138), ('toilets', 360), ('motorcycle_parking', 498), ('fountain', 347), ('dentist', 1048), ('post_box', 3785), ('bank', 4691), ('parking', 1988), ('atm', 1971), ('bicycle_rental', 776), ('marketplace', 361), ('pharmacy', 86), ('bar', 1347), ('post_office', 269), ('taxi', 514), ('clock', 268), ('coworking_space', 203), ('university', 739), ('pub', 474), ('school', 252), ('brokerage', 80), ('arts_centre', 131), ('nightclub', 28), ('fire_station', 10), ('theatre', 10), ('stage', 10), ('events_venue', 1)]"
8828309535fffff,"[('post_box', 108), ('toilets', 206), ('drinking_water', 110), ('bench', 876), ('school', 2), ('fire_station', 1), ('place_of_worship', 2)]"
88283082a7fffff,"[('bicycle_parking', 1106), ('fast_food', 1808), ('restaurant', 691), ('cafe', 403), ('reception_desk', 678), ('coworking_space', 226), ('vending_machine', 925), ('waste_basket', 407), ('dentist', 226), ('parking_entrance', 226), ('parking', 226), ('food_court', 226), ('bicycle_rental', 14), ('motorcycle_parking', 5)]"
88283082a1fffff,"[('cafe', 1796), ('taxi', 142), ('bar', 1138), ('parking', 905), ('pub', 824), ('bicycle_parking', 2360), ('post_box', 788), ('restaurant', 3095), ('nightclub', 332), ('fast_food', 629), ('bank', 1079), ('theatre', 352), ('atm', 376), ('waste_basket', 339), ('bench', 950), ('loading_dock', 354), ('vending_machine', 480), ('university', 703), ('bicycle_rental', 353), ('toilets', 1281), ('clinic', 352), ('school', 314), ('fountain', 324), ('motorcycle_parking', 19), ('storage', 10), ('parking_entrance', 40), ('car_sharing', 1)]"
88283082c9fffff,"[('cafe', 317), ('fuel', 305), ('restaurant', 1821), ('bar', 317), ('post_box', 583), ('nightclub', 247), ('pharmacy', 211), ('bicycle_rental', 406), ('bicycle_parking', 54), ('parking', 342), ('parking_entrance', 316), ('hospital', 159), ('clinic', 160), ('telephone', 1), ('motorcycle_rental', 1), ('place_of_worship', 1), ('charging_station', 1), ('food_court', 2), ('ice_cream', 3), ('post_office', 2), ('parcel_locker', 2), ('atm', 2)]"
88283095a7fffff,"[('bank', 1243), ('post_box', 631), ('fuel', 138), ('atm', 531), ('bicycle_parking', 2291), ('restaurant', 2907), ('place_of_worship', 572), ('school', 138), ('mortuary', 138), ('parking', 1287), ('cafe', 1054), ('fast_food', 952), ('dentist', 1284), ('bar', 971), ('bench', 1750), ('waste_basket', 336), ('clinic', 698), ('bicycle_rental', 126), ('parking_entrance', 268), ('pub', 364), ('dojo', 87), ('library', 2), ('toilets', 3), ('public_bookcase', 7), ('police', 1)]"
88283082b9fffff,"[('place_of_worship', 1583), ('restaurant', 3673), ('post_box', 1244), ('pharmacy', 146), ('parking_entrance', 675), ('bicycle_parking', 2064), ('bench', 797), ('social_facility', 393), ('parking', 1169), ('hospital', 201), ('fountain', 141), ('pub', 1498), ('fast_food', 1240), ('nightclub', 776), ('cafe', 1072), ('atm', 609), ('bar', 1009), ('waste_basket', 2106), ('bicycle_rental', 171), ('drinking_water', 144), ('community_centre', 147), ('fire_station', 143), ('parking_space', 2715), ('car_rental', 619), ('dentist', 337), ('dojo', 681), ('clinic', 336), ('karaoke_box', 73), ('library', 1), ('college', 1), ('theatre', 6), ('motorcycle_parking', 12), ('bank', 1), ('post_office', 1), ('school', 4)]"
8828308295fffff,"[('cinema', 536), ('drinking_water', 499), ('post_box', 1250), ('bar', 1683), ('restaurant', 9644), ('parking_entrance', 1506), ('parking', 3865), ('fast_food', 1078), ('public_bath', 449), ('bicycle_parking', 1792), ('cafe', 967), ('toilets', 1359), ('atm', 845), ('bench', 15353), ('place_of_worship', 536), ('bicycle_rental', 537), ('ice_cream', 415), ('bank', 734), ('community_centre', 710), ('charging_station', 361), ('karaoke_box', 361), ('motorcycle_parking', 341), ('fountain', 730), ('waste_basket', 715), ('taxi', 361), ('music_venue', 85), ('hospital', 15), ('fuel', 47), ('pharmacy', 5), ('post_office', 1), ('vending_machine', 1), ('car_wash', 1), ('loading_dock', 1), ('conference_centre', 1), ('school', 1), ('social_facility', 2), ('clinic', 2), ('research_institute', 2), ('language_school', 2), ('parking_space', 24)]"
8828308281fffff,"[('bicycle_rental', 110), ('parking', 3511), ('cafe', 69), ('university', 100), ('bicycle_parking', 844), ('social_facility', 525), ('place_of_worship', 102), ('restaurant', 364), ('pub', 70), ('bar', 16), ('post_box', 31), ('school', 27), ('dojo', 7), ('vending_machine', 4), ('community_centre', 2), ('arts_centre', 1), ('waste_basket', 1), ('theatre', 2), ('concert_hall', 1), ('townhall', 1)]"
882830829bfffff,"[('post_box', 830), ('bank', 413), ('restaurant', 1729), ('cafe', 761), ('dentist', 412), ('bicycle_rental', 397), ('bicycle_parking', 541), ('fast_food', 412), ('parking', 545), ('clinic', 414), ('school', 342), ('fuel', 54), ('bench', 161), ('doctors', 52), ('car_wash', 54), ('waste_basket', 22), ('parking_space', 146), ('university', 23), ('public_bookcase', 1), ('vending_machine', 2), ('veterinary', 2)]"
88283082d7fffff,"[('bench', 648), ('hospital', 234), ('parking', 676), ('post_box', 164), ('parking_entrance', 79), ('school', 6), ('restaurant', 50), ('fountain', 2), ('waste_basket', 2), ('bicycle_parking', 3), ('ice_cream', 3), ('cafe', 11), ('fast_food', 3), ('place_of_worship', 1)]"
88283082d5fffff,"[('fast_food', 1349), ('restaurant', 11544), ('cafe', 3857), ('ice_cream', 1080), ('bar', 3959), ('pharmacy', 1339), ('atm', 657), ('clinic', 787), ('taxi', 638), ('bank', 2275), ('parking', 1482), ('cinema', 377), ('shop', 725), ('post_box', 767), ('public_bookcase', 249), ('school', 856), ('place_of_worship', 231), ('grave_yard', 198), ('bicycle_rental', 43), ('fire_station', 43), ('pub', 52), ('bicycle_parking', 67), ('training', 40), ('parking_entrance', 51), ('car_wash', 31), ('fuel', 98), ('fixme', 6), ('mortuary', 9), ('post_office', 10), ('library', 8), ('toilets', 8), ('vending_machine', 8), ('waste_basket', 11), ('bench', 1), ('dojo', 1)]"
88283095cbfffff,"[('toilets', 1701), ('atm', 914), ('cafe', 1089), ('bicycle_parking', 431), ('parking', 490), ('theatre', 560), ('restaurant', 2)]"
882830828dfffff,"[('car_rental', 126), ('loading_dock', 117), ('parking_entrance', 724), ('parking', 1987), ('waste_basket', 324), ('post_box', 445), ('motorcycle_parking', 298), ('fuel', 400), ('restaurant', 54), ('place_of_worship', 417), ('fast_food', 367), ('post_depot', 317), ('doctors', 7), ('bicycle_rental', 13), ('bicycle_parking', 17), ('marketplace', 10), ('bar', 7), ('animal_boarding', 2), ('vending_machine', 4), ('cafe', 6), ('car_wash', 2), ('atm', 6), ('telephone', 3), ('arts_centre', 2), ('bench', 23), ('music_rehearsal_place', 7), ('animal_shelter', 2), ('car_sharing', 1), ('nightclub', 1), ('studio', 1)]"
88283095ddfffff,"[('parking', 152), ('cafe', 50), ('restaurant', 51), ('kindergarten', 5), ('bar', 2), ('bicycle_parking', 2)]"
8828308217fffff,"[('parking', 347), ('cafe', 11), ('bench', 230), ('restaurant', 69), ('fuel', 19), ('compressed_air', 66), ('vacuum_cleaner', 67), ('recycling', 4), ('drinking_water', 11), ('fire_station', 11), ('bicycle_rental', 3), ('parking_space', 6)]"
882830959dfffff,"[('restaurant', 103), ('bicycle_parking', 263), ('place_of_worship', 85), ('fuel', 144), ('parking', 148), ('pub', 2), ('taxi', 4), ('cafe', 2), ('fire_station', 2), ('social_facility', 1)]"
8828309585fffff,"[('parking', 655), ('post_box', 24), ('place_of_worship', 50), ('social_facility', 24), ('bench', 38), ('school', 14), ('fuel', 18), ('clinic', 2), ('dentist', 2), ('drinking_water', 4), ('bicycle_parking', 11), ('restaurant', 3), ('waste_basket', 1), ('library', 1)]"
882830821bfffff,"[('place_of_worship', 229), ('school', 335), ('animal_boarding', 410), ('fast_food', 98), ('bar', 74), ('parking', 94), ('post_box', 104), ('recycling', 43), ('fuel', 2), ('restaurant', 6), ('fire_station', 2), ('parking_entrance', 5)]"
88283095b5fffff,"[('post_box', 94), ('bicycle_parking', 1482), ('restaurant', 2970), ('vending_machine', 470), ('money_transfer; post_office', 264), ('post_office', 90), ('bank', 284), ('parking', 539), ('social_facility', 278), ('place_of_worship', 572), ('fuel', 9), ('cinema', 190), ('cafe', 770), ('fast_food', 380), ('bicycle_rental', 190), ('school', 190), ('public_bookcase', 2), ('fire_station', 2), ('ice_cream', 2), ('waste_basket', 10), ('pub', 2), ('bench', 10), ('drinking_water', 2), ('table', 6)]"
88283095ebfffff,"[('fire_station', 159), ('parking', 323), ('post_box', 155), ('fuel', 158), ('dentist', 165), ('school', 9), ('restaurant', 14), ('cafe', 12), ('veterinary', 3), ('taxi', 4), ('pharmacy', 5), ('parking_space', 20), ('waste_basket', 2), ('bank', 6), ('kindergarten', 2), ('social_centre', 1), ('studio', 1), ('place_of_worship', 3), ('doctors', 2), ('karaoke', 1), ('fast_food', 1), ('library', 1)]"
88283082a9fffff,"[('vending_machine', 12255), ('bicycle_parking', 6178), ('college', 179), ('parking', 7425), ('university', 929), ('motorcycle_parking', 956), ('school', 734), ('fast_food', 1107), ('restaurant', 1873), ('car_sharing', 571), ('clinic', 1016), ('cafe', 1126), ('post_box', 1124), ('taxi', 116), ('post_office', 176), ('bar', 571), ('parking_entrance', 442), ('bench', 342), ('waste_basket', 1171), ('fire_station', 116), ('pharmacy', 116), ('bicycle_rental', 905), ('studio', 126), ('bus_station', 332), ('social_facility', 332), ('childcare', 80), ('fuel', 321), ('loading_dock', 61), ('events_venue', 63), ('table', 26), ('compressed_air', 29), ('parking_space', 100), ('ticket_validator', 31), ('pub', 10), ('bank', 10), ('nightclub', 1), ('charging_station', 1), ('drinking_water', 2)]"
8828309537fffff,"[('parking', 1129), ('police', 164), ('place_of_worship', 166), ('atm', 500), ('pharmacy', 415), ('veterinary', 322), ('post_office', 322), ('restaurant', 836), ('toilets', 322), ('bench', 4190), ('cafe', 322), ('prep_school', 322), ('post_box', 324), ('waste_basket', 1932), ('recycling', 322), ('drinking_water', 322), ('childcare', 334), ('theatre', 104), ('pub', 64), ('library', 104), ('school', 109), ('bicycle_parking', 8)]"
88283082b7fffff,"[('post_box', 98), ('bicycle_parking', 120), ('pharmacy', 102), ('cafe', 203), ('restaurant', 425), ('post_office', 100), ('fast_food', 202), ('atm', 100), ('parking_entrance', 147), ('school', 96), ('parking', 112), ('pub', 8), ('bar', 15), ('theatre', 1), ('nightclub', 10), ('university', 24), ('college', 2), ('bench', 3), ('ice_cream', 2), ('toilets', 3), ('waste_basket', 7), ('vending_machine', 4), ('drinking_water', 1), ('library', 2), ('taxi', 2), ('charging_station', 2)]"
88283082b3fffff,"[('restaurant', 506), ('atm', 456), ('bank', 500), ('bar', 1121), ('cafe', 504), ('motorcycle_parking', 567), ('waste_basket', 1128), ('parking', 506), ('school', 3), ('fast_food', 29), ('post_box', 8), ('fuel', 4), ('bicycle_rental', 6), ('bicycle_parking', 6), ('ice_cream', 2), ('parking_entrance', 2), ('toilets', 2), ('parcel_locker', 2), ('chocolate;dessert;ice_cream', 1), ('pub', 2), ('recycling', 2), ('letter_box', 2), ('vending_machine', 4), ('fountain', 1), ('shelter', 2)]"
8828309565fffff,"[('post_office', 96), ('post_box', 96), ('waste_basket', 5), ('parking', 7), ('bank', 2), ('place_of_worship', 1), ('school', 1), ('library', 2)]"
88283082e3fffff,"[('bicycle_rental', 480), ('college', 76), ('parking', 2350), ('university', 85), ('cafe', 323), ('bicycle_parking', 1468), ('waste_basket', 580), ('bar', 380), ('restaurant', 231), ('post_box', 67), ('fire_station', 128), ('vending_machine', 81), ('post_depot', 20), ('music_school', 23)]"
8828308287fffff,"[('fast_food', 2051), ('restaurant', 4478), ('atm', 325), ('bicycle_parking', 531), ('cafe', 700), ('parking', 1009), ('food_court', 327), ('university', 319), ('post_box', 351), ('toilets', 174), ('shelter', 18), ('bar', 40), ('waste_basket', 382), ('social_facility', 991), ('bank', 255), ('police', 174), ('swingerclub', 174), ('place_of_worship', 167), ('charging_station', 45), ('parking_entrance', 35), ('bicycle_rental', 14), ('pharmacy', 38), ('theatre', 39), ('pub', 41), ('childcare', 32), ('clock', 6), ('marketplace', 2), ('community_centre', 2), ('library', 1), ('car_rental', 1), ('drinking_water', 1), ('college', 1)]"
8828308283fffff,"[('bicycle_parking', 218), ('place_of_worship', 220), ('fast_food', 202), ('conference_centre', 202), ('parking', 882), ('fire_station', 202), ('bench', 257), ('toilets', 118), ('bicycle_rental', 8), ('social_facility', 4), ('parking_entrance', 11), ('kindergarten', 4), ('public_bookcase', 2), ('post_box', 6), ('ice_cream', 1), ('school', 10), ('theatre', 2), ('arts_centre', 2), ('community_centre', 4), ('bank', 6), ('fuel', 3), ('cinema', 2), ('post_office', 1), ('restaurant', 4), ('bar', 2), ('cafe', 2)]"
88283095c3fffff,"[('post_box', 118), ('place_of_worship', 199), ('parking', 9), ('kindergarten', 4), ('restaurant', 4), ('pub', 1)]"
88283082b1fffff,"[('place_of_worship', 46), ('car_sharing', 42), ('bicycle_parking', 127), ('cafe', 65), ('fast_food', 42), ('atm', 46), ('bar', 45), ('veterinary', 39), ('waste_basket', 42), ('motorcycle_parking', 44), ('bicycle_rental', 37), ('restaurant', 48), ('community_centre', 7), ('post_office', 5), ('post_box', 8), ('toilets', 1), ('drinking_water', 3), ('bank', 2), ('vintage and modern resale', 2), ('university', 2), ('parking', 2), ('bench', 4), ('school', 2), ('pub', 3), ('pharmacy', 2), ('telephone', 1)]"
88283082adfffff,"[('pub', 138), ('restaurant', 310), ('motorcycle_parking', 349), ('cafe', 366), ('post_box', 138), ('vending_machine', 1499), ('bicycle_parking', 1335), ('veterinary', 138), ('waste_basket', 239), ('bicycle_rental', 277), ('bench', 841), ('parking', 279), ('university', 125), ('table', 18), ('bus_station', 11), ('bar', 141), ('fast_food', 48), ('ticket_validator', 96), ('dentist', 48)]"
88283082ddfffff,"[('restaurant', 914), ('cafe', 252), ('dentist', 124), ('post_office', 125), ('pub', 94), ('bicycle_parking', 370), ('library', 122), ('place_of_worship', 124), ('school', 130), ('parking', 130), ('post_box', 29), ('theatre', 32), ('arts_centre', 4), ('pharmacy', 1), ('bank', 2), ('atm', 2)]"
8828308203fffff,"[('bicycle_parking', 187), ('parking', 672), ('fixme', 17)]"
88283095c1fffff,"[('cafe', 82), ('restaurant', 20), ('waste_basket', 217), ('parking', 228), ('bank', 194), ('place_of_worship', 142), ('fast_food', 8), ('loading_dock', 6), ('school', 8), ('drinking_water', 6), ('bbq', 5), ('bench', 55), ('charging_station', 2), ('toilets', 2)]"
882830953bfffff,"[('post_box', 2), ('school', 2), ('community_centre', 1)]"
8828308289fffff,"[('post_box', 2480), ('fuel', 2518), ('restaurant', 4477), ('fast_food', 3447), ('social_facility', 1232), ('school', 2643), ('bar', 1533), ('place_of_worship', 576), ('cafe', 1287), ('parking', 3529), ('car_rental', 196), ('charging_station', 239), ('theatre', 560), ('parking_space', 33340), ('toilets', 1068), ('atm', 3288), ('bank', 3207), ('marketplace', 1068), ('bicycle_parking', 1431), ('taxi', 1068), ('arts_centre', 40), ('animal_shelter', 31), ('pub', 282), ('nightclub', 125), ('shelter', 30), ('car_sharing', 131), ('bicycle_rental', 41), ('waste_basket', 3), ('doctors', 2), ('police', 2), ('ice_cream', 2), ('telephone', 1), ('coworking_space', 1), ('cinema', 1), ('events_venue', 1), ('dentist', 2), ('kindergarten', 2)]"
88283082abfffff,"[('restaurant', 1118), ('post_box', 253), ('bar', 353), ('parking', 337), ('fast_food', 461), ('atm', 110), ('ice_cream', 14), ('food_court', 6), ('parking_entrance', 53), ('bicycle_parking', 1296), ('arts_centre', 220), ('waste_basket', 1333), ('vending_machine', 375), ('conference_centre', 1010), ('university', 13), ('bank', 113), ('clock', 93), ('bench', 8758), ('cafe', 306), ('taxi', 236), ('place_of_worship', 189), ('coworking_space', 100), ('motorcycle_parking', 220), ('toilets', 122), ('language_school', 11), ('bicycle_rental', 27), ('table', 1053), ('drinking_water', 740), ('public_bookcase', 226), ('fountain', 256), ('social_facility', 119), ('shelter', 69), ('childcare', 52), ('cinema', 1), ('photo_booth', 2), ('polling_station', 1), ('post_office', 2), ('nightclub', 2), ('parking_space', 6), ('telephone', 7), ('theatre', 35), ('stripclub', 16), ('school', 1)]"
882830876dfffff,"[('post_office', 118), ('post_box', 238), ('restaurant', 822), ('dentist', 118), ('prep_school', 118), ('bar', 142), ('bicycle_parking', 120), ('school', 120), ('parking', 467), ('motorcycle_parking', 118), ('atm', 42), ('fast_food', 14), ('cafe', 6), ('place_of_worship', 7), ('bank', 12), ('pharmacy', 1), ('cinema', 1), ('waste_basket', 3), ('ice_cream', 2)]"
882830876bfffff,"[('cafe', 78), ('bicycle_parking', 472), ('bench', 720), ('toilets', 78), ('drinking_water', 78), ('waste_basket', 234), ('recycling', 78), ('vending_machine', 231), ('bicycle_rental', 78), ('parking_space', 2), ('fire_station', 78), ('parking', 298), ('school', 78), ('post_box', 11)]"
882830820bfffff,"[('school', 3), ('place_of_worship', 18)]"
8828308257fffff,"[('fire_station', 3), ('place_of_worship', 19), ('parking', 4), ('moving_storage', 1), ('bench', 1), ('cafe', 1), ('fast_food', 2), ('school', 3)]"
88283095c7fffff,"[('restaurant', 1074), ('cafe', 288), ('dentist', 455), ('bench', 183), ('vending_machine', 200), ('bicycle_parking', 370), ('fuel', 268), ('post_office', 219), ('parking', 95), ('doctors', 43), ('social_centre', 92), ('school', 4), ('waste_basket', 5), ('veterinary', 2), ('fast_food', 2)]"
88283095a5fffff,"[('bicycle_parking', 289), ('table', 29), ('bench', 258), ('parking_entrance', 398), ('hospital', 196), ('parking', 379), ('post_box', 100), ('place_of_worship', 106), ('place_of_worship;monastery', 103), ('university', 103), ('waste_basket', 7), ('cafe', 6), ('school', 2), ('bicycle_rental', 5), ('dojo', 2), ('drinking_water', 2), ('bar', 3), ('training', 4), ('clinic', 2), ('restaurant', 4), ('bank', 1), ('library', 2), ('fast_food', 1)]"
8828309539fffff,"[('place_of_worship', 121), ('college', 4), ('parking', 1), ('school', 4), ('post_box', 2), ('bicycle_rental', 1), ('recycling', 1), ('cafe', 4), ('ice_cream', 4), ('dentist', 2)]"
88283082bbfffff,"[('parking', 257), ('place_of_worship', 176), ('hospital', 172), ('atm', 48), ('bank', 98), ('bar', 147), ('cafe', 50), ('restaurant', 108), ('fast_food', 51), ('motorcycle_parking', 50), ('waste_basket', 151), ('ice_cream', 50), ('fire_station', 49), ('fountain', 5), ('drinking_water', 6), ('bicycle_parking', 7), ('library', 5), ('school', 14), ('clinic', 5), ('post_box', 8), ('parking_entrance', 2), ('bench', 4)]"
882830828bfffff,"[('pub', 639), ('restaurant', 2715), ('cafe', 296), ('fast_food', 1300), ('pharmacy', 191), ('atm', 198), ('arts_centre', 177), ('bicycle_parking', 1685), ('nightclub', 200), ('public_bookcase', 68), ('school', 11), ('waste_basket', 244), ('post_box', 118), ('parking', 688), ('clinic', 116), ('bench', 275), ('bicycle_rental', 117), ('karaoke_box', 8), ('place_of_worship', 21), ('social_centre', 6), ('recycling', 2), ('community_centre', 5), ('drinking_water', 3), ('toilets', 1), ('vending_machine', 3), ('hospital', 1), ('shelter', 1), ('social_facility', 2), ('bar', 4), ('doctors', 2), ('Pet grooming shop', 1), ('bank', 2), ('parking_entrance', 1), ('college', 2), ('university', 2)]"
88283082ebfffff,"[('restaurant', 252), ('fire_station', 230), ('parking', 140), ('pub', 96), ('bar', 96), ('bicycle_rental', 10), ('school', 4), ('bicycle_parking', 4), ('university', 1), ('hospital', 2), ('public_bookcase', 2), ('bench', 6)]"
8828308761fffff,"[('bar', 3), ('toilets', 466), ('clock', 108), ('drinking_water', 1703), ('bench', 2469), ('parking', 1042), ('community_centre', 466), ('cafe', 466), ('boat_storage', 393), ('bicycle_parking', 354), ('parking_space', 507), ('post_box', 7), ('fountain', 2), ('waste_basket', 4), ('school', 2)]"
8828308293fffff,"[('social_facility', 7), ('drinking_water', 2), ('toilets', 2)]"
8828308251fffff,"[('parking', 336), ('doctors', 59), ('restaurant', 57), ('place_of_worship', 126), ('bench', 2), ('school', 6), ('post_box', 4), ('telephone', 4)]"
8828309507fffff,"[('bar', 192), ('parking', 393), ('social_facility', 187), ('place_of_worship', 207), ('library', 187), ('parking_entrance', 28), ('school', 14), ('bicycle_rental', 11), ('post_office', 1), ('restaurant', 18), ('bank', 21), ('cafe', 7), ('childcare', 4), ('pharmacy', 3), ('fuel', 1)]"
88283082b5fffff,"[('bank', 210), ('cafe', 225), ('restaurant', 1390), ('bar', 127), ('dentist', 109), ('bench', 3478), ('post_box', 108), ('school', 106), ('fire_station', 106), ('parking', 31), ('waste_basket', 504), ('drinking_water', 199), ('fast_food', 236), ('post_office', 118), ('toilets', 119), ('spa', 89), ('public_bookcase', 120), ('kindergarten', 22), ('place_of_worship', 29), ('pharmacy', 7), ('hospital', 7), ('pub', 15), ('theatre', 5), ('police', 1), ('atm', 3), ('nightclub', 3), ('taxi', 2), ('stripclub', 2)]"
8828308291fffff,"[('pharmacy', 276), ('hospital', 445), ('place_of_worship', 560), ('parking', 1357), ('bicycle_rental', 283), ('bicycle_parking', 941), ('fast_food', 468), ('bench', 1551), ('loading_dock', 168), ('school', 7), ('post_box', 13), ('trolley_bay', 7), ('atm', 7), ('waste_basket', 27), ('restaurant', 92), ('cafe', 184), ('motorcycle_parking', 96), ('clinic', 94), ('charging_station', 92), ('drinking_water', 21), ('social_facility', 95), ('parking_space', 117)]"
88283080d9fffff,"[('fast_food', 68), ('parking', 68), ('ice_cream', 194), ('cafe', 141), ('bicycle_parking', 601), ('restaurant', 573), ('toilets', 184), ('waste_basket', 470), ('post_box', 59), ('vending_machine', 68), ('university', 184), ('atm', 116), ('bar', 116), ('recycling', 232), ('bench', 111)]"
88283082bdfffff,"[('post_box', 414), ('theatre', 307), ('pharmacy', 100), ('atm', 98), ('restaurant', 847), ('bicycle_parking', 956), ('bar', 427), ('cafe', 405), ('fast_food', 99), ('pub', 100), ('parking_entrance', 101), ('waste_basket', 579), ('taxi', 212), ('bicycle_rental', 200), ('dentist', 98), ('vending_machine', 390), ('social_centre', 98), ('parking', 256), ('bank', 98), ('nightclub', 91), ('car_rental', 2), ('doctors', 1), ('bench', 25), ('parking_space', 145), ('car_sharing', 10), ('recycling', 2), ('school', 30), ('post_office', 2), ('drinking_water', 2), ('childcare', 2), ('community_centre', 2), ('place_of_worship', 2)]"
8828308211fffff,"[('community_centre', 38), ('parking', 63), ('fuel', 3), ('bicycle_parking', 3), ('toilets', 2), ('recycling', 1), ('school', 2), ('place_of_worship', 3), ('bicycle_rental', 2)]"
8828309557fffff,"[('place_of_worship', 371), ('parking', 9), ('fuel', 76), ('school', 4)]"
882830950bfffff,"[('place_of_worship', 312), ('parking', 622), ('bar', 2), ('restaurant', 2), ('post_box', 1)]"
8828309529fffff,"[('drinking_water', 84), ('bicycle_parking', 84), ('parking', 110), ('toilets', 84), ('theatre', 84)]"
8828309501fffff,"[('post_box', 80), ('restaurant', 300), ('parking', 71), ('school', 10), ('fuel', 6), ('fast_food', 11), ('bank', 5), ('atm', 3), ('post_office', 3), ('pharmacy', 3), ('payment_centre', 3), ('cafe', 5), ('dentist', 3), ('bicycle_rental', 2), ('place_of_worship', 6), ('bar', 1)]"
88283080c9fffff,"[('post_box', 73), ('parking', 143), ('university', 72), ('studio', 71), ('bicycle_rental', 66), ('bicycle_parking', 8), ('post_office', 14), ('restaurant', 5), ('cafe', 14), ('bench', 53), ('toilets', 2), ('waste_basket', 14), ('atm', 1), ('vending_machine', 9), ('motorcycle_parking', 2)]"
882830823bfffff,"[('parking', 185)]"
88283082cdfffff,"[('fast_food', 268), ('restaurant', 385), ('fuel', 106), ('parking', 318), ('bicycle_parking', 107), ('place_of_worship', 73), ('school', 79), ('post_box', 100), ('cafe', 46), ('bicycle_rental', 10)]"
88283082d3fffff,"[('pub', 40), ('marketplace', 36), ('ice_cream', 36), ('restaurant', 235), ('taxi', 36), ('cafe', 73), ('waste_basket', 36), ('bicycle_parking', 48), ('place_of_worship', 38), ('school', 32), ('fire_station', 2), ('pharmacy', 2), ('parking', 2), ('post_office', 14)]"
8828308219fffff,"[('place_of_worship', 1805), ('bench', 275), ('fast_food', 471), ('telephone', 372), ('parking', 378), ('restaurant', 423), ('library', 51), ('cafe', 402), ('bicycle_parking', 146), ('college', 77), ('bicycle_rental', 24), ('bank', 11), ('money_transfer', 20), ('school', 28), ('post_office', 1), ('post_box', 1), ('pharmacy', 2), ('community_centre', 8), ('theatre', 11)]"
8828309425fffff,"[('parking', 2)]"
8828309521fffff,"[('school', 15), ('post_box', 3), ('telephone', 2), ('place_of_worship', 3), ('nursing_home', 1), ('toilets', 2)]"
88283095c5fffff,"[('bench', 7), ('post_box', 2), ('conference_centre', 2), ('toilets', 2), ('drinking_water', 4), ('community_centre', 2), ('restaurant', 2), ('school', 2), ('parking', 2)]"
88283082e7fffff,"[('bench', 100), ('bank', 60), ('taxi', 60), ('bicycle_parking', 250), ('cafe', 60), ('waste_basket', 318), ('parking_entrance', 60), ('parking', 62), ('toilets', 11), ('pub', 5), ('university', 1), ('bicycle_rental', 2), ('vending_machine', 10)]"
8828309553fffff,"[('place_of_worship', 106), ('social_facility', 106), ('school', 106)]"
88283082e5fffff,"[('bicycle_parking', 388), ('toilets', 80), ('pub', 80), ('taxi', 80), ('vending_machine', 80), ('bench', 400), ('bar', 80), ('restaurant', 80), ('parking', 10)]"
88283082c5fffff,"[('post_box', 70), ('hospital', 68), ('restaurant', 146), ('parking_space', 445), ('parking', 54), ('waste_basket', 57), ('arts_centre', 4), ('community_centre', 2), ('place_of_worship', 6), ('fast_food', 4), ('cafe', 4), ('bar', 2), ('theatre', 2), ('school', 2), ('fountain', 1)]"
8828309567fffff,"[('post_box', 58), ('school', 3), ('shelter', 2)]"
8828309517fffff,"[('school', 4), ('post_box', 8)]"
882830952dfffff,"[('school', 8), ('place_of_worship', 7), ('bicycle_rental', 2), ('library', 2), ('post_box', 2)]"
8828309525fffff,"[('parking', 59), ('fast_food', 20), ('restaurant', 93), ('bank', 24), ('fire_station', 21), ('nightclub', 36), ('clinic', 14), ('fuel', 8), ('telephone', 1), ('post_box', 1), ('place_of_worship', 1), ('school', 6), ('vending_machine', 9)]"
88283095a9fffff,"[('language_school', 80), ('bicycle_parking', 80), ('school', 86), ('place_of_worship', 83), ('parking', 82), ('parking_space', 642), ('post_box', 6), ('cafe', 13), ('waste_basket', 10), ('bench', 8), ('drinking_water', 1), ('fuel', 1)]"
88283095e7fffff,"[('post_box', 101), ('parking', 2)]"
8828309563fffff,"[('parking', 128), ('school', 7)]"
8828309583fffff,"[('place_of_worship', 70), ('bench', 17), ('shelter', 9), ('bar', 1)]"
8828309527fffff,"[('marketplace', 4), ('mailbox', 2), ('place_of_worship', 4), ('restaurant', 2), ('pub', 2)]"
882830950dfffff,"[('school', 16), ('bench', 2), ('drinking_water', 2)]"
8828309513fffff,"[('bank', 8), ('parking', 8), ('school', 8), ('dentist', 7), ('place_of_worship', 7), ('bench', 6), ('drinking_water', 2), ('post_box', 2), ('conference_centre', 2), ('training', 2), ('restaurant', 6), ('cafe', 3), ('clinic', 2), ('fountain', 1)]"
88283082e9fffff,"[('fire_station', 4), ('social_facility', 3), ('parking', 2), ('post_box', 6), ('bench', 2), ('cafe', 4), ('bicycle_parking', 6), ('bicycle_rental', 4), ('place_of_worship', 2), ('school', 2)]"
88283095edfffff,"[('post_box', 17), ('parking', 12), ('school', 9), ('prison', 2), ('place_of_worship', 10), ('restaurant', 6), ('bank', 2), ('bar', 2), ('cafe', 2), ('pharmacy', 2)]"
882830958bfffff,"[('cafe', 2), ('ice_cream', 2), ('fast_food', 1), ('bicycle_parking', 1)]"
882830951bfffff,"[('toilets', 4), ('post_box', 2), ('university', 4), ('parking', 7)]"
88283095bbfffff,"[('pharmacy', 2), ('place_of_worship', 2), ('fire_station', 2), ('post_box', 4), ('restaurant', 14), ('cafe', 2)]"
882830952bfffff,"[('parking', 4), ('social_facility', 4)]"
8828309587fffff,"[('place_of_worship', 6), ('bench', 8), ('parking', 2)]"
88283095bdfffff,"[('kindergarten', 42), ('place_of_worship', 45), ('bicycle_parking', 6), ('post_box', 2), ('doctors', 2), ('parking', 2)]"
8828309509fffff,"[('school', 4), ('drinking_water', 3), ('bench', 6)]"
88283095e1fffff,"[('fast_food', 1), ('bicycle_parking', 1), ('hospital', 2), ('social_centre', 2), ('parking', 6), ('drinking_water', 4), ('school', 10), ('place_of_worship', 1), ('shelter', 4), ('post_box', 4), ('parking_space', 8)]"
882830951dfffff,"[('veterinary', 2), ('fast_food', 6), ('parking', 6), ('restaurant', 3), ('bicycle_parking', 2), ('bicycle_rental', 2), ('bank', 2), ('bar', 2), ('cafe', 3), ('school', 4), ('post_box', 2), ('place_of_worship', 6), ('bench', 15), ('drinking_water', 2)]"
8828309533fffff,"[('school', 11), ('parking', 5), ('fuel', 4), ('prison', 2)]"
88283095b7fffff,"[('post_box', 6), ('bench', 2), ('school', 6), ('public_bookcase', 4)]"
88283095e3fffff,"[('parking', 6), ('post_box', 2), ('fuel', 3), ('cafe', 9), ('restaurant', 14), ('bar', 5), ('dentist', 6), ('bank', 7), ('bicycle_parking', 2), ('vending_machine', 2), ('atm', 4), ('pharmacy', 2)]"
882830958dfffff,"[('bank', 2), ('place_of_worship', 2)]"
88283095e5fffff,"[('hospital', 8), ('parking', 10), ('school', 6), ('bench', 2), ('prison', 2), ('place_of_worship', 2)]"
88283095b1fffff,"[('post_box', 1), ('bicycle_parking', 1), ('school', 7), ('community_centre', 1), ('toilets', 2), ('parking', 2), ('drinking_water', 3), ('vending_machine', 1), ('fuel', 2), ('bench', 6)]"
8828308297fffff,"[('bicycle_rental', 2), ('school', 18), ('place_of_worship', 8), ('cafe', 9), ('bench', 6), ('waste_basket', 4), ('restaurant', 18), ('veterinary', 2), ('parking', 1), ('bank', 2), ('bar', 2), ('hospital', 2), ('research_institute', 2), ('clinic', 1), ('post_box', 2), ('nursing_home', 4), ('dentist', 2)]"
8828308259fffff,"[('parking', 2)]"
88283082d9fffff,[]
88283095d5fffff,[]
8828309503fffff,"[('waste_basket', 2), ('school', 10), ('parking', 2), ('place_of_worship', 2), ('nightclub', 2)]"
88283082d1fffff,"[('atm', 3), ('parking_entrance', 3), ('post_box', 13), ('bench', 15), ('parking', 5), ('drinking_water', 2), ('bicycle_parking', 2), ('school', 2), ('place_of_worship', 1)]"
88283082dbfffff,"[('parking', 2), ('drinking_water', 2), ('bench', 3), ('post_box', 2), ('school', 2)]"
8828308769fffff,"[('doctors', 2), ('post_box', 2), ('parking', 2)]"
8828309531fffff,"[('bench', 1)]"
8828308745fffff,"[('parking', 4)]"
882830874dfffff,"[('fuel', 4), ('hospital', 7), ('parking', 12), ('taxi', 4), ('place_of_worship', 3)]"
88283080cbfffff,"[('post_box', 6), ('fire_station', 2), ('bicycle_parking', 3), ('school', 8), ('parking', 12), ('bench', 4), ('drinking_water', 6), ('cafe', 6), ('waste_basket', 9), ('binoculars', 24), ('toilets', 4), ('restaurant', 4), ('bar', 1)]"
88283095c9fffff,[]
8828309519fffff,"[('place_of_worship', 1), ('parking', 4), ('fast_food', 2)]"
8828309505fffff,"[('school', 12), ('waste_basket', 2), ('bench', 2), ('bicycle_rental', 2)]"
8828309589fffff,"[('school', 2)]"
882830874bfffff,[]
8828308747fffff,"[('bench', 4), ('parking', 2), ('toilets', 2)]"
8828309555fffff,"[('parking', 5), ('place_of_worship', 4), ('fuel', 1), ('post_box', 2), ('restaurant', 1)]"
8828309427fffff,[]
882830825bfffff,"[('bench', 2)]"
8828309581fffff,"[('place_of_worship', 2), ('restaurant', 3), ('training', 2)]"
88283095b9fffff,"[('public_bookcase', 6)]"
8828308749fffff,"[('bicycle_parking', 32), ('cafe', 8), ('pharmacy', 4), ('restaurant', 35), ('post_office', 2), ('waste_basket', 12), ('bench', 15), ('bank', 7), ('vending_machine', 8), ('bar', 7), ('library', 2), ('parking', 15), ('school', 8), ('public_bookcase', 1), ('dentist', 4), ('fast_food', 9), ('dojo', 1), ('place_of_worship', 1), ('post_box', 6), ('atm', 3), ('fire_station', 2), ('clinic', 1), ('parking_entrance', 4), ('dancing_school', 1)]"
88283095abfffff,"[('bicycle_parking', 2), ('cafe', 2), ('restaurant', 4), ('bank', 2), ('car_wash', 2), ('training', 2), ('waste_basket', 2), ('fuel', 4), ('dentist', 2), ('place_of_worship', 2)]"
8828308209fffff,"[('bench', 2), ('bicycle_parking', 2), ('drinking_water', 2)]"
88283095cdfffff,"[('school', 4), ('parking', 2)]"
88283095b3fffff,"[('bench', 2)]"
88283095adfffff,"[('place_of_worship', 4)]"
88283095a3fffff,"[('bicycle_parking', 7), ('place_of_worship', 2), ('post_box', 8)]"
